feature,mean_abs_shap,mean_shap
feat_max_security_penalty,59.56267617241876,5.888551346783751
feat_max_network_penalty,22.885237298742663,11.424583394248685
feat_mean_security_penalty,18.36241553195206,2.6163863944542345
feat_mean_network_penalty,6.157243016183107,2.8438608369200122
feat_mean_mtd_overhead,0.04994410788143264,0.04994410788143264
