objective,weight,mean_weighted_shap,influence_pct
security,0.3,30.136298423683705,77.28912380478971
resource,0.4,4.928146888470373,12.63898271898708
network,0.3,3.9271966422810576,10.071893476223192
