objective,weight,mean_weighted_shap,influence_pct
security,0.3,28.77463695306173,85.13538946665483
resource,0.4,2.7018261895960802,7.993881045230536
network,0.3,2.3222158007584923,6.870729488114624
