feature,mean_abs_shap,mean_shap
feat_max_security_penalty,0.0025580388014222162,-0.000402356601822203
feat_max_network_penalty,0.00096644185502223,9.845314840000913e-05
feat_mean_network_penalty,0.0008026151299777828,-5.129577304443239e-05
feat_mean_security_penalty,0.0006767385837777782,-6.154154626665821e-05
feat_mean_mtd_overhead,5.838957799999962e-06,5.649296733333293e-06
