objective,weight,mean_weighted_shap,influence_pct
security,0.3,30.43139016689734,85.2304216181863
network,0.3,2.7124733391535805,7.596933464302527
resource,0.4,2.560981769997736,7.1726449175111835
