feature,mean_abs_shap,mean_shap
feat_mean_remaining_mig,42.432439469930884,-1.445784348839935
feat_security_penalty_cumul,33.55312388752579,0.20127086892630205
feat_mean_remaining_reinst,24.1209495729412,1.3570322843905824
feat_max_security_penalty,2.4622116432913015,0.1251842844072781
feat_mean_security_penalty,1.0996936765307566,-0.14868390551794225
feat_vim1_cpu,0.8634592609632556,0.05499382588022026
feat_vim1_ram,0.5665716319424818,-0.03276284459171066
feat_mean_network_penalty,0.4842049174771629,-0.21790028254161098
feat_max_network_penalty,0.4282955600042805,0.14706304160256015
feat_vim0_ram,0.39832570218327296,0.00045184861759211116
feat_total_ues,0.2736304039949621,-0.024670972177882642
feat_vim0_cpu,0.14751238873908756,0.019951485708995985
feat_min_remaining_mig,0.13060166580027555,-0.03614528586488562
feat_mean_dos_score,0.0,0.0
feat_max_dos_score,0.0,0.0
feat_mean_dataleak_score,0.0,0.0
feat_mean_mtd_overhead,0.0,0.0
feat_max_dataleak_score,0.0,0.0
feat_min_remaining_reinst,0.0,0.0
feat_mean_apt_score,0.0,0.0
feat_max_apt_score,0.0,0.0
feat_nb_resources,0.0,0.0
