objective,weight,mean_weighted_shap,influence_pct
security,0.3,30.42912579369243,85.23958851108483
network,0.3,2.7147847503097124,7.604790771233256
resource,0.4,2.5544384569850327,7.155620717681913
