objective,weight,mean_weighted_shap,influence_pct
security,0.3,30.430979551344453,85.22575362815031
network,0.3,2.716300590685981,7.6073385850497495
resource,0.4,2.5590389644198144,7.166907786799931
