feature,mean_abs_shap,mean_shap
feat_max_security_penalty,0.009082413144860324,0.003183984857129577
feat_mean_security_penalty,0.0023143028568900106,-0.0001542800594624067
feat_max_network_penalty,0.0014402179345673494,-0.00028209421411918206
feat_mean_network_penalty,0.0003832218107555883,0.00012557587896554307
feat_mean_mtd_overhead,2.647581896060983e-07,-2.1757910334130517e-07
