objective,weight,mean_weighted_shap,influence_pct
security,0.3,28.76793207924858,85.24150934027803
resource,0.4,2.673605877174816,7.922091852956438
network,0.3,2.307198195595032,6.83639880676552
