objective,weight,mean_weighted_shap,influence_pct
security,0.3,30.418743350485876,80.5477470308619
resource,0.4,4.146925131931264,10.980909784275742
network,0.3,3.1991908361568804,8.471343184862366
